id,ts,instrument_id,side,qty,order_type,limit_price,tif
strat-SPY-LONG-2020-01-02T21:00:00+00:00,2020-01-02T21:00:00+00:00,SPY,BUY,51,market,,GTC
strat-QQQ-LONG-2020-01-02T21:00:00+00:00,2020-01-02T21:00:00+00:00,QQQ,BUY,77,market,,GTC
strat-IWM-LONG-2020-01-02T21:00:00+00:00,2020-01-02T21:00:00+00:00,IWM,BUY,100,market,,GTC
strat-TLT-LONG-2020-01-02T21:00:00+00:00,2020-01-02T21:00:00+00:00,TLT,BUY,121,market,,GTC
strat-GLD-LONG-2020-01-02T21:00:00+00:00,2020-01-02T21:00:00+00:00,GLD,BUY,115,market,,GTC
strat-USO-LONG-2020-01-02T21:00:00+00:00,2020-01-02T21:00:00+00:00,USO,BUY,1301,market,,GTC
strat-SPY-LONG-2020-02-03T21:00:00+00:00,2020-02-03T21:00:00+00:00,SPY,BUY,9,market,,GTC
strat-QQQ-LONG-2020-02-03T21:00:00+00:00,2020-02-03T21:00:00+00:00,QQQ,BUY,11,market,,GTC
strat-IWM-LONG-2020-02-03T21:00:00+00:00,2020-02-03T21:00:00+00:00,IWM,BUY,20,market,,GTC
strat-TLT-LONG-2020-02-03T21:00:00+00:00,2020-02-03T21:00:00+00:00,TLT,BUY,13,market,,GTC
strat-GLD-LONG-2020-02-03T21:00:00+00:00,2020-02-03T21:00:00+00:00,GLD,BUY,16,market,,GTC
strat-USO-SHORT-2020-02-03T21:00:00+00:00,2020-02-03T21:00:00+00:00,USO,SELL,1301,market,,GTC
strat-SPY-LONG-2020-03-02T21:00:00+00:00,2020-03-02T21:00:00+00:00,SPY,BUY,26,market,,GTC
strat-QQQ-LONG-2020-03-02T21:00:00+00:00,2020-03-02T21:00:00+00:00,QQQ,BUY,33,market,,GTC
strat-TLT-LONG-2020-03-02T21:00:00+00:00,2020-03-02T21:00:00+00:00,TLT,BUY,34,market,,GTC
strat-GLD-LONG-2020-03-02T21:00:00+00:00,2020-03-02T21:00:00+00:00,GLD,BUY,44,market,,GTC
strat-IWM-SHORT-2020-03-02T21:00:00+00:00,2020-03-02T21:00:00+00:00,IWM,SELL,100,market,,GTC
strat-TLT-LONG-2020-04-01T20:00:00+00:00,2020-04-01T20:00:00+00:00,TLT,BUY,114,market,,GTC
strat-GLD-LONG-2020-04-01T20:00:00+00:00,2020-04-01T20:00:00+00:00,GLD,BUY,144,market,,GTC
strat-SPY-SHORT-2020-04-01T20:00:00+00:00,2020-04-01T20:00:00+00:00,SPY,SELL,77,market,,GTC
strat-QQQ-SHORT-2020-04-01T20:00:00+00:00,2020-04-01T20:00:00+00:00,QQQ,SELL,110,market,,GTC
strat-QQQ-LONG-2020-05-01T20:00:00+00:00,2020-05-01T20:00:00+00:00,QQQ,BUY,108,market,,GTC
strat-TLT-SHORT-2020-05-01T20:00:00+00:00,2020-05-01T20:00:00+00:00,TLT,SELL,18,market,,GTC
strat-GLD-SHORT-2020-05-01T20:00:00+00:00,2020-05-01T20:00:00+00:00,GLD,SELL,15,market,,GTC
strat-USO-LONG-2020-05-01T20:00:00+00:00,2020-05-01T20:00:00+00:00,USO,BUY,1215,market,,GTC
strat-SPY-LONG-2020-06-01T20:00:00+00:00,2020-06-01T20:00:00+00:00,SPY,BUY,68,market,,GTC
strat-QQQ-SHORT-2020-06-01T20:00:00+00:00,2020-06-01T20:00:00+00:00,QQQ,SELL,20,market,,GTC
strat-TLT-SHORT-2020-06-01T20:00:00+00:00,2020-06-01T20:00:00+00:00,TLT,SELL,10,market,,GTC
strat-GLD-SHORT-2020-06-01T20:00:00+00:00,2020-06-01T20:00:00+00:00,GLD,SELL,18,market,,GTC
strat-USO-SHORT-2020-06-01T20:00:00+00:00,2020-06-01T20:00:00+00:00,USO,SELL,426,market,,GTC
strat-SPY-LONG-2020-07-01T20:00:00+00:00,2020-07-01T20:00:00+00:00,SPY,BUY,69,market,,GTC
strat-QQQ-SHORT-2020-07-01T20:00:00+00:00,2020-07-01T20:00:00+00:00,QQQ,SELL,3,market,,GTC
strat-TLT-LONG-2020-07-01T20:00:00+00:00,2020-07-01T20:00:00+00:00,TLT,BUY,4,market,,GTC
strat-GLD-LONG-2020-07-01T20:00:00+00:00,2020-07-01T20:00:00+00:00,GLD,BUY,3,market,,GTC
strat-USO-SHORT-2020-07-01T20:00:00+00:00,2020-07-01T20:00:00+00:00,USO,SELL,29,market,,GTC
strat-SPY-LONG-2020-08-03T20:00:00+00:00,2020-08-03T20:00:00+00:00,SPY,BUY,57,market,,GTC
strat-QQQ-SHORT-2020-08-03T20:00:00+00:00,2020-08-03T20:00:00+00:00,QQQ,SELL,16,market,,GTC
strat-IWM-LONG-2020-08-03T20:00:00+00:00,2020-08-03T20:00:00+00:00,IWM,BUY,125,market,,GTC
strat-TLT-SHORT-2020-08-03T20:00:00+00:00,2020-08-03T20:00:00+00:00,TLT,SELL,20,market,,GTC
strat-GLD-SHORT-2020-08-03T20:00:00+00:00,2020-08-03T20:00:00+00:00,GLD,SELL,28,market,,GTC
strat-USO-SHORT-2020-08-03T20:00:00+00:00,2020-08-03T20:00:00+00:00,USO,SELL,121,market,,GTC
strat-SPY-SHORT-2020-09-01T20:00:00+00:00,2020-09-01T20:00:00+00:00,SPY,SELL,2,market,,GTC
strat-QQQ-SHORT-2020-09-01T20:00:00+00:00,2020-09-01T20:00:00+00:00,QQQ,SELL,5,market,,GTC
strat-IWM-SHORT-2020-09-01T20:00:00+00:00,2020-09-01T20:00:00+00:00,IWM,SELL,2,market,,GTC
strat-TLT-LONG-2020-09-01T20:00:00+00:00,2020-09-01T20:00:00+00:00,TLT,BUY,7,market,,GTC
strat-GLD-LONG-2020-09-01T20:00:00+00:00,2020-09-01T20:00:00+00:00,GLD,BUY,4,market,,GTC
strat-USO-SHORT-2020-09-01T20:00:00+00:00,2020-09-01T20:00:00+00:00,USO,SELL,5,market,,GTC
strat-QQQ-LONG-2020-10-01T20:00:00+00:00,2020-10-01T20:00:00+00:00,QQQ,BUY,2,market,,GTC
strat-TLT-LONG-2020-10-01T20:00:00+00:00,2020-10-01T20:00:00+00:00,TLT,BUY,3,market,,GTC
strat-GLD-SHORT-2020-10-01T20:00:00+00:00,2020-10-01T20:00:00+00:00,GLD,SELL,1,market,,GTC
strat-USO-LONG-2020-10-01T20:00:00+00:00,2020-10-01T20:00:00+00:00,USO,BUY,49,market,,GTC
strat-SPY-LONG-2020-11-02T21:00:00+00:00,2020-11-02T21:00:00+00:00,SPY,BUY,10,market,,GTC
strat-QQQ-LONG-2020-11-02T21:00:00+00:00,2020-11-02T21:00:00+00:00,QQQ,BUY,14,market,,GTC
strat-IWM-LONG-2020-11-02T21:00:00+00:00,2020-11-02T21:00:00+00:00,IWM,BUY,16,market,,GTC
strat-GLD-LONG-2020-11-02T21:00:00+00:00,2020-11-02T21:00:00+00:00,GLD,BUY,18,market,,GTC
strat-USO-LONG-2020-11-02T21:00:00+00:00,2020-11-02T21:00:00+00:00,USO,BUY,142,market,,GTC
strat-TLT-SHORT-2020-11-02T21:00:00+00:00,2020-11-02T21:00:00+00:00,TLT,SELL,114,market,,GTC
strat-SPY-LONG-2020-12-01T21:00:00+00:00,2020-12-01T21:00:00+00:00,SPY,BUY,10,market,,GTC
strat-QQQ-LONG-2020-12-01T21:00:00+00:00,2020-12-01T21:00:00+00:00,QQQ,BUY,12,market,,GTC
strat-IWM-LONG-2020-12-01T21:00:00+00:00,2020-12-01T21:00:00+00:00,IWM,BUY,7,market,,GTC
strat-GLD-LONG-2020-12-01T21:00:00+00:00,2020-12-01T21:00:00+00:00,GLD,BUY,36,market,,GTC
strat-USO-LONG-2020-12-01T21:00:00+00:00,2020-12-01T21:00:00+00:00,USO,BUY,102,market,,GTC
strat-SPY-LONG-2021-01-04T21:00:00+00:00,2021-01-04T21:00:00+00:00,SPY,BUY,3,market,,GTC
strat-QQQ-LONG-2021-01-04T21:00:00+00:00,2021-01-04T21:00:00+00:00,QQQ,BUY,3,market,,GTC
strat-IWM-SHORT-2021-01-04T21:00:00+00:00,2021-01-04T21:00:00+00:00,IWM,SELL,1,market,,GTC
strat-GLD-SHORT-2021-01-04T21:00:00+00:00,2021-01-04T21:00:00+00:00,GLD,SELL,2,market,,GTC
strat-USO-SHORT-2021-01-04T21:00:00+00:00,2021-01-04T21:00:00+00:00,USO,SELL,9,market,,GTC
strat-SPY-LONG-2021-02-01T21:00:00+00:00,2021-02-01T21:00:00+00:00,SPY,BUY,2,market,,GTC
strat-IWM-SHORT-2021-02-01T21:00:00+00:00,2021-02-01T21:00:00+00:00,IWM,SELL,9,market,,GTC
strat-GLD-LONG-2021-02-01T21:00:00+00:00,2021-02-01T21:00:00+00:00,GLD,BUY,8,market,,GTC
strat-USO-SHORT-2021-02-01T21:00:00+00:00,2021-02-01T21:00:00+00:00,USO,SELL,68,market,,GTC
strat-SPY-LONG-2021-03-01T21:00:00+00:00,2021-03-01T21:00:00+00:00,SPY,BUY,18,market,,GTC
strat-QQQ-LONG-2021-03-01T21:00:00+00:00,2021-03-01T21:00:00+00:00,QQQ,BUY,24,market,,GTC
strat-IWM-LONG-2021-03-01T21:00:00+00:00,2021-03-01T21:00:00+00:00,IWM,BUY,26,market,,GTC
strat-USO-LONG-2021-03-01T21:00:00+00:00,2021-03-01T21:00:00+00:00,USO,BUY,112,market,,GTC
strat-GLD-SHORT-2021-03-01T21:00:00+00:00,2021-03-01T21:00:00+00:00,GLD,SELL,146,market,,GTC
strat-SPY-LONG-2021-04-01T20:00:00+00:00,2021-04-01T20:00:00+00:00,SPY,BUY,16,market,,GTC
strat-QQQ-LONG-2021-04-01T20:00:00+00:00,2021-04-01T20:00:00+00:00,QQQ,BUY,24,market,,GTC
strat-IWM-LONG-2021-04-01T20:00:00+00:00,2021-04-01T20:00:00+00:00,IWM,BUY,29,market,,GTC
strat-USO-LONG-2021-04-01T20:00:00+00:00,2021-04-01T20:00:00+00:00,USO,BUY,92,market,,GTC
strat-QQQ-LONG-2021-05-03T20:00:00+00:00,2021-05-03T20:00:00+00:00,QQQ,BUY,2,market,,GTC
strat-IWM-LONG-2021-05-03T20:00:00+00:00,2021-05-03T20:00:00+00:00,IWM,BUY,5,market,,GTC
strat-USO-SHORT-2021-05-03T20:00:00+00:00,2021-05-03T20:00:00+00:00,USO,SELL,6,market,,GTC
strat-SPY-SHORT-2021-06-01T20:00:00+00:00,2021-06-01T20:00:00+00:00,SPY,SELL,16,market,,GTC
strat-QQQ-SHORT-2021-06-01T20:00:00+00:00,2021-06-01T20:00:00+00:00,QQQ,SELL,20,market,,GTC
strat-IWM-SHORT-2021-06-01T20:00:00+00:00,2021-06-01T20:00:00+00:00,IWM,SELL,31,market,,GTC
strat-GLD-LONG-2021-06-01T20:00:00+00:00,2021-06-01T20:00:00+00:00,GLD,BUY,158,market,,GTC
strat-USO-SHORT-2021-06-01T20:00:00+00:00,2021-06-01T20:00:00+00:00,USO,SELL,185,market,,GTC
strat-SPY-LONG-2021-07-01T20:00:00+00:00,2021-07-01T20:00:00+00:00,SPY,BUY,18,market,,GTC
strat-QQQ-LONG-2021-07-01T20:00:00+00:00,2021-07-01T20:00:00+00:00,QQQ,BUY,19,market,,GTC
strat-IWM-LONG-2021-07-01T20:00:00+00:00,2021-07-01T20:00:00+00:00,IWM,BUY,35,market,,GTC
strat-USO-LONG-2021-07-01T20:00:00+00:00,2021-07-01T20:00:00+00:00,USO,BUY,116,market,,GTC
strat-SPY-SHORT-2021-08-02T20:00:00+00:00,2021-08-02T20:00:00+00:00,SPY,SELL,18,market,,GTC
strat-QQQ-SHORT-2021-08-02T20:00:00+00:00,2021-08-02T20:00:00+00:00,QQQ,SELL,22,market,,GTC
strat-IWM-SHORT-2021-08-02T20:00:00+00:00,2021-08-02T20:00:00+00:00,IWM,SELL,24,market,,GTC
strat-TLT-LONG-2021-08-02T20:00:00+00:00,2021-08-02T20:00:00+00:00,TLT,BUY,196,market,,GTC
strat-USO-SHORT-2021-08-02T20:00:00+00:00,2021-08-02T20:00:00+00:00,USO,SELL,124,market,,GTC
strat-SPY-SHORT-2021-09-01T20:00:00+00:00,2021-09-01T20:00:00+00:00,SPY,SELL,2,market,,GTC
strat-QQQ-SHORT-2021-09-01T20:00:00+00:00,2021-09-01T20:00:00+00:00,QQQ,SELL,3,market,,GTC
strat-IWM-SHORT-2021-09-01T20:00:00+00:00,2021-09-01T20:00:00+00:00,IWM,SELL,4,market,,GTC
strat-TLT-LONG-2021-09-01T20:00:00+00:00,2021-09-01T20:00:00+00:00,TLT,BUY,199,market,,GTC
strat-USO-LONG-2021-09-01T20:00:00+00:00,2021-09-01T20:00:00+00:00,USO,BUY,21,market,,GTC
strat-SPY-LONG-2021-10-01T20:00:00+00:00,2021-10-01T20:00:00+00:00,SPY,BUY,2,market,,GTC
strat-QQQ-LONG-2021-10-01T20:00:00+00:00,2021-10-01T20:00:00+00:00,QQQ,BUY,4,market,,GTC
strat-IWM-LONG-2021-10-01T20:00:00+00:00,2021-10-01T20:00:00+00:00,IWM,BUY,2,market,,GTC
strat-TLT-LONG-2021-10-01T20:00:00+00:00,2021-10-01T20:00:00+00:00,TLT,BUY,203,market,,GTC
strat-USO-SHORT-2021-10-01T20:00:00+00:00,2021-10-01T20:00:00+00:00,USO,SELL,69,market,,GTC
strat-QQQ-SHORT-2021-11-01T20:00:00+00:00,2021-11-01T20:00:00+00:00,QQQ,SELL,2,market,,GTC
strat-IWM-LONG-2021-11-01T20:00:00+00:00,2021-11-01T20:00:00+00:00,IWM,BUY,1,market,,GTC
strat-TLT-LONG-2021-11-01T20:00:00+00:00,2021-11-01T20:00:00+00:00,TLT,BUY,9,market,,GTC
strat-USO-SHORT-2021-11-01T20:00:00+00:00,2021-11-01T20:00:00+00:00,USO,SELL,11,market,,GTC
strat-SPY-LONG-2021-12-01T21:00:00+00:00,2021-12-01T21:00:00+00:00,SPY,BUY,44,market,,GTC
strat-QQQ-LONG-2021-12-01T21:00:00+00:00,2021-12-01T21:00:00+00:00,QQQ,BUY,49,market,,GTC
strat-TLT-LONG-2021-12-01T21:00:00+00:00,2021-12-01T21:00:00+00:00,TLT,BUY,118,market,,GTC
strat-IWM-SHORT-2021-12-01T21:00:00+00:00,2021-12-01T21:00:00+00:00,IWM,SELL,133,market,,GTC
strat-USO-SHORT-2021-12-01T21:00:00+00:00,2021-12-01T21:00:00+00:00,USO,SELL,542,market,,GTC
strat-SPY-SHORT-2022-01-03T21:00:00+00:00,2022-01-03T21:00:00+00:00,SPY,SELL,15,market,,GTC
strat-QQQ-SHORT-2022-01-03T21:00:00+00:00,2022-01-03T21:00:00+00:00,QQQ,SELL,18,market,,GTC
strat-IWM-LONG-2022-01-03T21:00:00+00:00,2022-01-03T21:00:00+00:00,IWM,BUY,112,market,,GTC
strat-TLT-SHORT-2022-01-03T21:00:00+00:00,2022-01-03T21:00:00+00:00,TLT,SELL,38,market,,GTC
strat-GLD-LONG-2022-01-03T21:00:00+00:00,2022-01-03T21:00:00+00:00,GLD,BUY,149,market,,GTC
strat-USO-LONG-2022-01-03T21:00:00+00:00,2022-01-03T21:00:00+00:00,USO,BUY,460,market,,GTC
strat-SPY-LONG-2022-02-01T21:00:00+00:00,2022-02-01T21:00:00+00:00,SPY,BUY,55,market,,GTC
strat-QQQ-LONG-2022-02-01T21:00:00+00:00,2022-02-01T21:00:00+00:00,QQQ,BUY,71,market,,GTC
strat-USO-LONG-2022-02-01T21:00:00+00:00,2022-02-01T21:00:00+00:00,USO,BUY,326,market,,GTC
strat-IWM-SHORT-2022-02-01T21:00:00+00:00,2022-02-01T21:00:00+00:00,IWM,SELL,112,market,,GTC
strat-TLT-SHORT-2022-02-01T21:00:00+00:00,2022-02-01T21:00:00+00:00,TLT,SELL,174,market,,GTC
strat-GLD-SHORT-2022-02-01T21:00:00+00:00,2022-02-01T21:00:00+00:00,GLD,SELL,149,market,,GTC
strat-GLD-LONG-2022-03-01T21:00:00+00:00,2022-03-01T21:00:00+00:00,GLD,BUY,408,market,,GTC
strat-USO-LONG-2022-03-01T21:00:00+00:00,2022-03-01T21:00:00+00:00,USO,BUY,558,market,,GTC
strat-SPY-SHORT-2022-03-01T21:00:00+00:00,2022-03-01T21:00:00+00:00,SPY,SELL,52,market,,GTC
strat-QQQ-SHORT-2022-03-01T21:00:00+00:00,2022-03-01T21:00:00+00:00,QQQ,SELL,62,market,,GTC
strat-SPY-LONG-2022-04-01T20:00:00+00:00,2022-04-01T20:00:00+00:00,SPY,BUY,110,market,,GTC
strat-GLD-LONG-2022-04-01T20:00:00+00:00,2022-04-01T20:00:00+00:00,GLD,BUY,278,market,,GTC
strat-USO-SHORT-2022-04-01T20:00:00+00:00,2022-04-01T20:00:00+00:00,USO,SELL,343,market,,GTC
strat-GLD-LONG-2022-05-02T20:00:00+00:00,2022-05-02T20:00:00+00:00,GLD,BUY,142,market,,GTC
strat-USO-LONG-2022-05-02T20:00:00+00:00,2022-05-02T20:00:00+00:00,USO,BUY,262,market,,GTC
strat-SPY-SHORT-2022-05-02T20:00:00+00:00,2022-05-02T20:00:00+00:00,SPY,SELL,110,market,,GTC
strat-GLD-LONG-2022-06-01T20:00:00+00:00,2022-06-01T20:00:00+00:00,GLD,BUY,158,market,,GTC
strat-USO-LONG-2022-06-01T20:00:00+00:00,2022-06-01T20:00:00+00:00,USO,BUY,213,market,,GTC
strat-USO-LONG-2022-07-01T20:00:00+00:00,2022-07-01T20:00:00+00:00,USO,BUY,879,market,,GTC
strat-GLD-SHORT-2022-07-01T20:00:00+00:00,2022-07-01T20:00:00+00:00,GLD,SELL,436,market,,GTC
strat-USO-LONG-2022-08-01T20:00:00+00:00,2022-08-01T20:00:00+00:00,USO,BUY,1003,market,,GTC
strat-USO-LONG-2022-09-01T20:00:00+00:00,2022-09-01T20:00:00+00:00,USO,BUY,1029,market,,GTC
strat-USO-SHORT-2022-10-03T20:00:00+00:00,2022-10-03T20:00:00+00:00,USO,SELL,888,market,,GTC
strat-SPY-LONG-2022-12-01T21:00:00+00:00,2022-12-01T21:00:00+00:00,SPY,BUY,109,market,,GTC
strat-IWM-LONG-2022-12-01T21:00:00+00:00,2022-12-01T21:00:00+00:00,IWM,BUY,237,market,,GTC
strat-GLD-LONG-2022-12-01T21:00:00+00:00,2022-12-01T21:00:00+00:00,GLD,BUY,264,market,,GTC
strat-GLD-LONG-2023-01-03T21:00:00+00:00,2023-01-03T21:00:00+00:00,GLD,BUY,484,market,,GTC
strat-SPY-SHORT-2023-01-03T21:00:00+00:00,2023-01-03T21:00:00+00:00,SPY,SELL,109,market,,GTC
strat-IWM-SHORT-2023-01-03T21:00:00+00:00,2023-01-03T21:00:00+00:00,IWM,SELL,237,market,,GTC
strat-SPY-LONG-2023-02-01T21:00:00+00:00,2023-02-01T21:00:00+00:00,SPY,BUY,78,market,,GTC
strat-QQQ-LONG-2023-02-01T21:00:00+00:00,2023-02-01T21:00:00+00:00,QQQ,BUY,106,market,,GTC
strat-IWM-LONG-2023-02-01T21:00:00+00:00,2023-02-01T21:00:00+00:00,IWM,BUY,166,market,,GTC
strat-GLD-SHORT-2023-02-01T21:00:00+00:00,2023-02-01T21:00:00+00:00,GLD,SELL,86,market,,GTC
strat-IWM-SHORT-2023-03-01T21:00:00+00:00,2023-03-01T21:00:00+00:00,IWM,SELL,2,market,,GTC
strat-GLD-LONG-2023-03-01T21:00:00+00:00,2023-03-01T21:00:00+00:00,GLD,BUY,3,market,,GTC
strat-QQQ-SHORT-2023-04-03T20:00:00+00:00,2023-04-03T20:00:00+00:00,QQQ,SELL,5,market,,GTC
strat-TLT-LONG-2023-04-03T20:00:00+00:00,2023-04-03T20:00:00+00:00,TLT,BUY,302,market,,GTC
strat-GLD-SHORT-2023-04-03T20:00:00+00:00,2023-04-03T20:00:00+00:00,GLD,SELL,6,market,,GTC
strat-IWM-SHORT-2023-04-03T20:00:00+00:00,2023-04-03T20:00:00+00:00,IWM,SELL,164,market,,GTC
strat-SPY-LONG-2023-05-01T20:00:00+00:00,2023-05-01T20:00:00+00:00,SPY,BUY,26,market,,GTC
strat-QQQ-LONG-2023-05-01T20:00:00+00:00,2023-05-01T20:00:00+00:00,QQQ,BUY,33,market,,GTC
strat-GLD-LONG-2023-05-01T20:00:00+00:00,2023-05-01T20:00:00+00:00,GLD,BUY,60,market,,GTC
strat-QQQ-SHORT-2023-06-01T20:00:00+00:00,2023-06-01T20:00:00+00:00,QQQ,SELL,9,market,,GTC
strat-GLD-LONG-2023-06-01T20:00:00+00:00,2023-06-01T20:00:00+00:00,GLD,BUY,6,market,,GTC
strat-SPY-SHORT-2023-07-03T17:00:00+00:00,2023-07-03T17:00:00+00:00,SPY,SELL,27,market,,GTC
strat-QQQ-SHORT-2023-07-03T17:00:00+00:00,2023-07-03T17:00:00+00:00,QQQ,SELL,33,market,,GTC
strat-IWM-LONG-2023-07-03T17:00:00+00:00,2023-07-03T17:00:00+00:00,IWM,BUY,182,market,,GTC
strat-GLD-SHORT-2023-07-03T17:00:00+00:00,2023-07-03T17:00:00+00:00,GLD,SELL,43,market,,GTC
strat-SPY-SHORT-2023-08-01T20:00:00+00:00,2023-08-01T20:00:00+00:00,SPY,SELL,16,market,,GTC
strat-QQQ-SHORT-2023-08-01T20:00:00+00:00,2023-08-01T20:00:00+00:00,QQQ,SELL,19,market,,GTC
strat-IWM-LONG-2023-08-01T20:00:00+00:00,2023-08-01T20:00:00+00:00,IWM,BUY,142,market,,GTC
strat-GLD-SHORT-2023-08-01T20:00:00+00:00,2023-08-01T20:00:00+00:00,GLD,SELL,38,market,,GTC
strat-USO-LONG-2023-08-01T20:00:00+00:00,2023-08-01T20:00:00+00:00,USO,BUY,381,market,,GTC
strat-IWM-LONG-2023-09-01T20:00:00+00:00,2023-09-01T20:00:00+00:00,IWM,BUY,3,market,,GTC
strat-GLD-SHORT-2023-09-01T20:00:00+00:00,2023-09-01T20:00:00+00:00,GLD,SELL,1,market,,GTC
strat-USO-SHORT-2023-09-01T20:00:00+00:00,2023-09-01T20:00:00+00:00,USO,SELL,21,market,,GTC
strat-SPY-LONG-2023-10-02T20:00:00+00:00,2023-10-02T20:00:00+00:00,SPY,BUY,44,market,,GTC
strat-QQQ-LONG-2023-10-02T20:00:00+00:00,2023-10-02T20:00:00+00:00,QQQ,BUY,51,market,,GTC
strat-USO-LONG-2023-10-02T20:00:00+00:00,2023-10-02T20:00:00+00:00,USO,BUY,206,market,,GTC
strat-IWM-SHORT-2023-10-02T20:00:00+00:00,2023-10-02T20:00:00+00:00,IWM,SELL,142,market,,GTC
strat-GLD-SHORT-2023-10-02T20:00:00+00:00,2023-10-02T20:00:00+00:00,GLD,SELL,153,market,,GTC
strat-SPY-LONG-2023-11-01T20:00:00+00:00,2023-11-01T20:00:00+00:00,SPY,BUY,16,market,,GTC
strat-QQQ-LONG-2023-11-01T20:00:00+00:00,2023-11-01T20:00:00+00:00,QQQ,BUY,18,market,,GTC
strat-GLD-LONG-2023-11-01T20:00:00+00:00,2023-11-01T20:00:00+00:00,GLD,BUY,177,market,,GTC
strat-USO-LONG-2023-11-01T20:00:00+00:00,2023-11-01T20:00:00+00:00,USO,BUY,76,market,,GTC
strat-SPY-SHORT-2023-12-01T21:00:00+00:00,2023-12-01T21:00:00+00:00,SPY,SELL,4,market,,GTC
strat-QQQ-SHORT-2023-12-01T21:00:00+00:00,2023-12-01T21:00:00+00:00,QQQ,SELL,5,market,,GTC
strat-IWM-LONG-2023-12-01T21:00:00+00:00,2023-12-01T21:00:00+00:00,IWM,BUY,182,market,,GTC
strat-GLD-SHORT-2023-12-01T21:00:00+00:00,2023-12-01T21:00:00+00:00,GLD,SELL,1,market,,GTC
strat-USO-SHORT-2023-12-01T21:00:00+00:00,2023-12-01T21:00:00+00:00,USO,SELL,436,market,,GTC
strat-SPY-SHORT-2024-01-02T21:00:00+00:00,2024-01-02T21:00:00+00:00,SPY,SELL,15,market,,GTC
strat-QQQ-SHORT-2024-01-02T21:00:00+00:00,2024-01-02T21:00:00+00:00,QQQ,SELL,18,market,,GTC
strat-IWM-LONG-2024-01-02T21:00:00+00:00,2024-01-02T21:00:00+00:00,IWM,BUY,138,market,,GTC
strat-TLT-LONG-2024-01-02T21:00:00+00:00,2024-01-02T21:00:00+00:00,TLT,BUY,280,market,,GTC
strat-GLD-SHORT-2024-01-02T21:00:00+00:00,2024-01-02T21:00:00+00:00,GLD,SELL,32,market,,GTC
strat-SPY-SHORT-2024-02-01T21:00:00+00:00,2024-02-01T21:00:00+00:00,SPY,SELL,3,market,,GTC
strat-QQQ-SHORT-2024-02-01T21:00:00+00:00,2024-02-01T21:00:00+00:00,QQQ,SELL,4,market,,GTC
strat-IWM-LONG-2024-02-01T21:00:00+00:00,2024-02-01T21:00:00+00:00,IWM,BUY,2,market,,GTC
strat-SPY-SHORT-2024-03-01T21:00:00+00:00,2024-03-01T21:00:00+00:00,SPY,SELL,1,market,,GTC
strat-QQQ-SHORT-2024-03-01T21:00:00+00:00,2024-03-01T21:00:00+00:00,QQQ,SELL,1,market,,GTC
strat-IWM-SHORT-2024-03-01T21:00:00+00:00,2024-03-01T21:00:00+00:00,IWM,SELL,2,market,,GTC
strat-GLD-LONG-2024-03-01T21:00:00+00:00,2024-03-01T21:00:00+00:00,GLD,BUY,1,market,,GTC
strat-USO-LONG-2024-03-01T21:00:00+00:00,2024-03-01T21:00:00+00:00,USO,BUY,374,market,,GTC
strat-TLT-SHORT-2024-03-01T21:00:00+00:00,2024-03-01T21:00:00+00:00,TLT,SELL,280,market,,GTC
strat-SPY-LONG-2024-04-01T20:00:00+00:00,2024-04-01T20:00:00+00:00,SPY,BUY,1,market,,GTC
strat-QQQ-LONG-2024-04-01T20:00:00+00:00,2024-04-01T20:00:00+00:00,QQQ,BUY,2,market,,GTC
strat-IWM-LONG-2024-04-01T20:00:00+00:00,2024-04-01T20:00:00+00:00,IWM,BUY,3,market,,GTC
strat-GLD-SHORT-2024-04-01T20:00:00+00:00,2024-04-01T20:00:00+00:00,GLD,SELL,6,market,,GTC
strat-USO-LONG-2024-04-01T20:00:00+00:00,2024-04-01T20:00:00+00:00,USO,BUY,364,market,,GTC
strat-QQQ-LONG-2024-05-01T20:00:00+00:00,2024-05-01T20:00:00+00:00,QQQ,BUY,1,market,,GTC
strat-IWM-LONG-2024-05-01T20:00:00+00:00,2024-05-01T20:00:00+00:00,IWM,BUY,3,market,,GTC
strat-GLD-SHORT-2024-05-01T20:00:00+00:00,2024-05-01T20:00:00+00:00,GLD,SELL,9,market,,GTC
strat-USO-LONG-2024-05-01T20:00:00+00:00,2024-05-01T20:00:00+00:00,USO,BUY,5,market,,GTC
strat-SPY-LONG-2024-06-03T20:00:00+00:00,2024-06-03T20:00:00+00:00,SPY,BUY,13,market,,GTC
strat-QQQ-LONG-2024-06-03T20:00:00+00:00,2024-06-03T20:00:00+00:00,QQQ,BUY,14,market,,GTC
strat-IWM-LONG-2024-06-03T20:00:00+00:00,2024-06-03T20:00:00+00:00,IWM,BUY,37,market,,GTC
strat-GLD-LONG-2024-06-03T20:00:00+00:00,2024-06-03T20:00:00+00:00,GLD,BUY,36,market,,GTC
strat-USO-SHORT-2024-06-03T20:00:00+00:00,2024-06-03T20:00:00+00:00,USO,SELL,364,market,,GTC
strat-SPY-SHORT-2024-07-01T20:00:00+00:00,2024-07-01T20:00:00+00:00,SPY,SELL,2,market,,GTC
strat-QQQ-SHORT-2024-07-01T20:00:00+00:00,2024-07-01T20:00:00+00:00,QQQ,SELL,5,market,,GTC
strat-IWM-LONG-2024-07-01T20:00:00+00:00,2024-07-01T20:00:00+00:00,IWM,BUY,5,market,,GTC
strat-GLD-LONG-2024-07-01T20:00:00+00:00,2024-07-01T20:00:00+00:00,GLD,BUY,4,market,,GTC
strat-USO-LONG-2024-07-01T20:00:00+00:00,2024-07-01T20:00:00+00:00,USO,BUY,356,market,,GTC
strat-SPY-SHORT-2024-08-01T20:00:00+00:00,2024-08-01T20:00:00+00:00,SPY,SELL,7,market,,GTC
strat-QQQ-SHORT-2024-08-01T20:00:00+00:00,2024-08-01T20:00:00+00:00,QQQ,SELL,6,market,,GTC
strat-IWM-SHORT-2024-08-01T20:00:00+00:00,2024-08-01T20:00:00+00:00,IWM,SELL,29,market,,GTC
strat-TLT-LONG-2024-08-01T20:00:00+00:00,2024-08-01T20:00:00+00:00,TLT,BUY,261,market,,GTC
strat-GLD-SHORT-2024-08-01T20:00:00+00:00,2024-08-01T20:00:00+00:00,GLD,SELL,24,market,,GTC
strat-USO-LONG-2024-08-01T20:00:00+00:00,2024-08-01T20:00:00+00:00,USO,BUY,328,market,,GTC
strat-SPY-LONG-2024-09-03T20:00:00+00:00,2024-09-03T20:00:00+00:00,SPY,BUY,8,market,,GTC
strat-QQQ-LONG-2024-09-03T20:00:00+00:00,2024-09-03T20:00:00+00:00,QQQ,BUY,10,market,,GTC
strat-IWM-LONG-2024-09-03T20:00:00+00:00,2024-09-03T20:00:00+00:00,IWM,BUY,25,market,,GTC
strat-TLT-LONG-2024-09-03T20:00:00+00:00,2024-09-03T20:00:00+00:00,TLT,BUY,44,market,,GTC
strat-GLD-LONG-2024-09-03T20:00:00+00:00,2024-09-03T20:00:00+00:00,GLD,BUY,19,market,,GTC
strat-USO-SHORT-2024-09-03T20:00:00+00:00,2024-09-03T20:00:00+00:00,USO,SELL,328,market,,GTC
strat-SPY-LONG-2024-10-01T20:00:00+00:00,2024-10-01T20:00:00+00:00,SPY,BUY,7,market,,GTC
strat-QQQ-LONG-2024-10-01T20:00:00+00:00,2024-10-01T20:00:00+00:00,QQQ,BUY,8,market,,GTC
strat-IWM-LONG-2024-10-01T20:00:00+00:00,2024-10-01T20:00:00+00:00,IWM,BUY,23,market,,GTC
strat-TLT-LONG-2024-10-01T20:00:00+00:00,2024-10-01T20:00:00+00:00,TLT,BUY,44,market,,GTC
strat-GLD-LONG-2024-10-01T20:00:00+00:00,2024-10-01T20:00:00+00:00,GLD,BUY,12,market,,GTC
strat-SPY-LONG-2024-11-01T20:00:00+00:00,2024-11-01T20:00:00+00:00,SPY,BUY,12,market,,GTC
strat-QQQ-LONG-2024-11-01T20:00:00+00:00,2024-11-01T20:00:00+00:00,QQQ,BUY,14,market,,GTC
strat-IWM-LONG-2024-11-01T20:00:00+00:00,2024-11-01T20:00:00+00:00,IWM,BUY,32,market,,GTC
strat-GLD-LONG-2024-11-01T20:00:00+00:00,2024-11-01T20:00:00+00:00,GLD,BUY,25,market,,GTC
strat-TLT-SHORT-2024-11-01T20:00:00+00:00,2024-11-01T20:00:00+00:00,TLT,SELL,305,market,,GTC
strat-SPY-SHORT-2024-12-02T21:00:00+00:00,2024-12-02T21:00:00+00:00,SPY,SELL,2,market,,GTC
strat-QQQ-SHORT-2024-12-02T21:00:00+00:00,2024-12-02T21:00:00+00:00,QQQ,SELL,2,market,,GTC
strat-IWM-SHORT-2024-12-02T21:00:00+00:00,2024-12-02T21:00:00+00:00,IWM,SELL,11,market,,GTC
strat-TLT-LONG-2024-12-02T21:00:00+00:00,2024-12-02T21:00:00+00:00,TLT,BUY,330,market,,GTC
strat-GLD-LONG-2024-12-02T21:00:00+00:00,2024-12-02T21:00:00+00:00,GLD,BUY,4,market,,GTC
strat-QQQ-SHORT-2025-01-02T21:00:00+00:00,2025-01-02T21:00:00+00:00,QQQ,SELL,1,market,,GTC
strat-IWM-LONG-2025-01-02T21:00:00+00:00,2025-01-02T21:00:00+00:00,IWM,BUY,9,market,,GTC
strat-GLD-SHORT-2025-01-02T21:00:00+00:00,2025-01-02T21:00:00+00:00,GLD,SELL,3,market,,GTC
strat-USO-LONG-2025-01-02T21:00:00+00:00,2025-01-02T21:00:00+00:00,USO,BUY,392,market,,GTC
strat-IWM-LONG-2025-02-03T21:00:00+00:00,2025-02-03T21:00:00+00:00,IWM,BUY,1,market,,GTC
strat-GLD-SHORT-2025-02-03T21:00:00+00:00,2025-02-03T21:00:00+00:00,GLD,SELL,4,market,,GTC
strat-USO-LONG-2025-02-03T21:00:00+00:00,2025-02-03T21:00:00+00:00,USO,BUY,10,market,,GTC
strat-SPY-LONG-2025-03-03T21:00:00+00:00,2025-03-03T21:00:00+00:00,SPY,BUY,35,market,,GTC
strat-QQQ-LONG-2025-03-03T21:00:00+00:00,2025-03-03T21:00:00+00:00,QQQ,BUY,42,market,,GTC
strat-GLD-LONG-2025-03-03T21:00:00+00:00,2025-03-03T21:00:00+00:00,GLD,BUY,71,market,,GTC
strat-IWM-SHORT-2025-03-03T21:00:00+00:00,2025-03-03T21:00:00+00:00,IWM,SELL,137,market,,GTC
strat-USO-SHORT-2025-03-03T21:00:00+00:00,2025-03-03T21:00:00+00:00,USO,SELL,402,market,,GTC
strat-GLD-LONG-2025-04-01T20:00:00+00:00,2025-04-01T20:00:00+00:00,GLD,BUY,139,market,,GTC
strat-USO-LONG-2025-04-01T20:00:00+00:00,2025-04-01T20:00:00+00:00,USO,BUY,964,market,,GTC
strat-SPY-SHORT-2025-04-01T20:00:00+00:00,2025-04-01T20:00:00+00:00,SPY,SELL,51,market,,GTC
strat-QQQ-SHORT-2025-04-01T20:00:00+00:00,2025-04-01T20:00:00+00:00,QQQ,SELL,59,market,,GTC
strat-GLD-LONG-2025-05-01T20:00:00+00:00,2025-05-01T20:00:00+00:00,GLD,BUY,251,market,,GTC
strat-SPY-LONG-2025-06-02T20:00:00+00:00,2025-06-02T20:00:00+00:00,SPY,BUY,85,market,,GTC
strat-QQQ-LONG-2025-06-02T20:00:00+00:00,2025-06-02T20:00:00+00:00,QQQ,BUY,97,market,,GTC
strat-GLD-SHORT-2025-06-02T20:00:00+00:00,2025-06-02T20:00:00+00:00,GLD,SELL,95,market,,GTC
strat-SPY-SHORT-2025-07-01T20:00:00+00:00,2025-07-01T20:00:00+00:00,SPY,SELL,34,market,,GTC
strat-QQQ-SHORT-2025-07-01T20:00:00+00:00,2025-07-01T20:00:00+00:00,QQQ,SELL,40,market,,GTC
strat-IWM-LONG-2025-07-01T20:00:00+00:00,2025-07-01T20:00:00+00:00,IWM,BUY,144,market,,GTC
strat-GLD-SHORT-2025-07-01T20:00:00+00:00,2025-07-01T20:00:00+00:00,GLD,SELL,61,market,,GTC
strat-USO-LONG-2025-07-01T20:00:00+00:00,2025-07-01T20:00:00+00:00,USO,BUY,429,market,,GTC
strat-SPY-LONG-2025-08-01T20:00:00+00:00,2025-08-01T20:00:00+00:00,SPY,BUY,13,market,,GTC
strat-QQQ-LONG-2025-08-01T20:00:00+00:00,2025-08-01T20:00:00+00:00,QQQ,BUY,14,market,,GTC
strat-GLD-LONG-2025-08-01T20:00:00+00:00,2025-08-01T20:00:00+00:00,GLD,BUY,26,market,,GTC
strat-USO-LONG-2025-08-01T20:00:00+00:00,2025-08-01T20:00:00+00:00,USO,BUY,514,market,,GTC
strat-SPY-SHORT-2025-09-02T20:00:00+00:00,2025-09-02T20:00:00+00:00,SPY,SELL,14,market,,GTC
strat-QQQ-SHORT-2025-09-02T20:00:00+00:00,2025-09-02T20:00:00+00:00,QQQ,SELL,15,market,,GTC
strat-IWM-LONG-2025-09-02T20:00:00+00:00,2025-09-02T20:00:00+00:00,IWM,BUY,137,market,,GTC
strat-GLD-SHORT-2025-09-02T20:00:00+00:00,2025-09-02T20:00:00+00:00,GLD,SELL,30,market,,GTC
strat-USO-SHORT-2025-09-02T20:00:00+00:00,2025-09-02T20:00:00+00:00,USO,SELL,96,market,,GTC
strat-SPY-SHORT-2025-10-01T20:00:00+00:00,2025-10-01T20:00:00+00:00,SPY,SELL,1,market,,GTC
strat-QQQ-SHORT-2025-10-01T20:00:00+00:00,2025-10-01T20:00:00+00:00,QQQ,SELL,1,market,,GTC
strat-IWM-LONG-2025-10-01T20:00:00+00:00,2025-10-01T20:00:00+00:00,IWM,BUY,137,market,,GTC
strat-TLT-LONG-2025-10-01T20:00:00+00:00,2025-10-01T20:00:00+00:00,TLT,BUY,373,market,,GTC
strat-GLD-SHORT-2025-10-01T20:00:00+00:00,2025-10-01T20:00:00+00:00,GLD,SELL,5,market,,GTC
strat-USO-SHORT-2025-10-01T20:00:00+00:00,2025-10-01T20:00:00+00:00,USO,SELL,418,market,,GTC
strat-QQQ-SHORT-2025-11-03T21:00:00+00:00,2025-11-03T21:00:00+00:00,QQQ,SELL,1,market,,GTC
strat-IWM-LONG-2025-11-03T21:00:00+00:00,2025-11-03T21:00:00+00:00,IWM,BUY,1,market,,GTC
strat-TLT-LONG-2025-11-03T21:00:00+00:00,2025-11-03T21:00:00+00:00,TLT,BUY,7,market,,GTC
strat-GLD-SHORT-2025-11-03T21:00:00+00:00,2025-11-03T21:00:00+00:00,GLD,SELL,1,market,,GTC
strat-SPY-LONG-2025-12-01T21:00:00+00:00,2025-12-01T21:00:00+00:00,SPY,BUY,1,market,,GTC
strat-QQQ-LONG-2025-12-01T21:00:00+00:00,2025-12-01T21:00:00+00:00,QQQ,BUY,1,market,,GTC
strat-IWM-LONG-2025-12-01T21:00:00+00:00,2025-12-01T21:00:00+00:00,IWM,BUY,2,market,,GTC
strat-TLT-LONG-2025-12-01T21:00:00+00:00,2025-12-01T21:00:00+00:00,TLT,BUY,8,market,,GTC
strat-GLD-SHORT-2025-12-01T21:00:00+00:00,2025-12-01T21:00:00+00:00,GLD,SELL,4,market,,GTC
strat-SPY-LONG-2026-01-02T21:00:00+00:00,2026-01-02T21:00:00+00:00,SPY,BUY,12,market,,GTC
strat-QQQ-LONG-2026-01-02T21:00:00+00:00,2026-01-02T21:00:00+00:00,QQQ,BUY,14,market,,GTC
strat-IWM-LONG-2026-01-02T21:00:00+00:00,2026-01-02T21:00:00+00:00,IWM,BUY,32,market,,GTC
strat-GLD-LONG-2026-01-02T21:00:00+00:00,2026-01-02T21:00:00+00:00,GLD,BUY,19,market,,GTC
strat-TLT-SHORT-2026-01-02T21:00:00+00:00,2026-01-02T21:00:00+00:00,TLT,SELL,388,market,,GTC
strat-SPY-LONG-2026-02-02T21:00:00+00:00,2026-02-02T21:00:00+00:00,SPY,BUY,1,market,,GTC
strat-QQQ-LONG-2026-02-02T21:00:00+00:00,2026-02-02T21:00:00+00:00,QQQ,BUY,1,market,,GTC
strat-IWM-SHORT-2026-02-02T21:00:00+00:00,2026-02-02T21:00:00+00:00,IWM,SELL,5,market,,GTC
strat-GLD-SHORT-2026-02-02T21:00:00+00:00,2026-02-02T21:00:00+00:00,GLD,SELL,7,market,,GTC
strat-USO-LONG-2026-02-02T21:00:00+00:00,2026-02-02T21:00:00+00:00,USO,BUY,475,market,,GTC
strat-SPY-SHORT-2026-03-02T21:00:00+00:00,2026-03-02T21:00:00+00:00,SPY,SELL,8,market,,GTC
strat-QQQ-SHORT-2026-03-02T21:00:00+00:00,2026-03-02T21:00:00+00:00,QQQ,SELL,7,market,,GTC
strat-IWM-SHORT-2026-03-02T21:00:00+00:00,2026-03-02T21:00:00+00:00,IWM,SELL,21,market,,GTC
strat-TLT-LONG-2026-03-02T21:00:00+00:00,2026-03-02T21:00:00+00:00,TLT,BUY,334,market,,GTC
strat-GLD-SHORT-2026-03-02T21:00:00+00:00,2026-03-02T21:00:00+00:00,GLD,SELL,20,market,,GTC
strat-USO-LONG-2026-03-02T21:00:00+00:00,2026-03-02T21:00:00+00:00,USO,BUY,348,market,,GTC
